extent_x, extent_y, aspect_ratio, area, num_points, label
0.13865359624334128,0.04829308203024305,2.87108609379105,0.006696009497167881,7,1
0.1532520155680558,0.058999313440048204,2.5975220156380616,0.00904176370181887,5,1
0.13938083889218666,0.05103755418460941,2.7309466748353226,0.007113657117256291,7,1
0.15882636696166302,0.07655295943647986,2.0747253683046685,0.012158628427459654,8,1
0.11131010023375454,0.001268686729428967,87.7364739866515,0.00014121764701797255,3,1
0.1129794128727539,0.020256682846421303,5.577389631329183,0.002288588134738264,3,1
0.15134164290272223,0.023134015824627884,6.541952942800695,0.003501139961836758,5,1
0.1108249481336301,0.007142145829306467,15.517037985822206,0.0007915279410957118,3,1
